{
  "norm_a": 0.05312627926468849,
  "norm_b": 0.30281805992126465,
  "norm_c": 0.9437373280525208,
  "norm_d": 0.8253810405731201,
  "norm_p": 0.7126114368438721,
  "p_angle": -1.0137455463409424,
  "p_angle_deg": -58.083341305519816,
  "params_valid": true,
  "validity_note": "OK",
  "stage": "model_prediction"
}