{
  "norm_a": 0.052139610052108765,
  "norm_b": 0.8262168765068054,
  "norm_c": 0.9456930160522461,
  "norm_d": 0.34287428855895996,
  "norm_p": 0.2889441251754761,
  "p_angle": -3.1232502460479736,
  "p_angle_deg": -178.94905746174481,
  "params_valid": true,
  "validity_note": "OK",
  "stage": "model_prediction"
}