{
  "norm_a": 0.41981908679008484,
  "norm_b": 0.43884599208831787,
  "norm_c": 0.9645868539810181,
  "norm_d": 0.9461385607719421,
  "norm_p": 0.12283191084861755,
  "p_angle": 2.4174909591674805,
  "p_angle_deg": 138.51202897132987,
  "params_valid": true,
  "validity_note": "OK",
  "stage": "model_prediction"
}