{
  "norm_a": 0.17018115520477295,
  "norm_b": 0.9894779920578003,
  "norm_c": 0.9612098932266235,
  "norm_d": 0.11258383095264435,
  "norm_p": 0.9892597794532776,
  "p_angle": 2.543985605239868,
  "p_angle_deg": 145.75963832227876,
  "params_valid": true,
  "validity_note": "OK",
  "stage": "model_prediction"
}